id,title,imageUrl,category,datePublication,articleUrl
1860287559,Основы работы с PostgreSQL в Docker,https://habrastorage.org/getpro/habr/upload_files/ac5/f13/db8/ac5f13db8626b271aac38010bf0e1c59.jpeg,Tech,2021-10-05,https://habr.com/ru/post/581548/
761081182,Почему я написал плагин Ataman и как он может изменить вашу работу с IDE от JetBrains,https://habrastorage.org/getpro/habr/upload_files/901/332/e72/901332e72b6b84f190f00906cd844373.png,Tech,2021-10-04,https://habr.com/ru/post/581536/
1542573091,Создание счётчика жестов «дай пять» с помощью глубокого обучения,https://habrastorage.org/getpro/habr/upload_files/cb0/504/7b3/cb05047b313179daccc0d2874033ee75.gif,Tech,2021-10-04,https://habr.com/ru/company/etmc_exponenta/blog/581504/
7439605466,Аудио-графическое шифрование или как звук в картинку спрятать,https://habrastorage.org/getpro/habr/upload_files/b07/553/001/b0755300187484719767a6b8916b7218.jpg,Tech,2021-10-04,https://habr.com/ru/post/581496/
9158267869,Security Week 40: кража денег через Apple Pay,https://habrastorage.org/webt/2u/up/sg/2uupsgpj7zt8wu7oukbaoqam2c0.png,Tech,2021-10-04,https://habr.com/ru/company/kaspersky/blog/581486/
6205028008,Какую СУБД выбрать и почему? (Статья 2),https://habrastorage.org/getpro/habr/upload_files/479/c1c/8b7/479c1c8b77ea321486d32f454aabd63d.jpg,Tech,2021-10-04,https://habr.com/ru/post/581492/
6540436761,Топ 5 самых громких событий инфосека за сентябрь 2021,https://habrastorage.org/getpro/habr/upload_files/98a/4ae/3bc/98a4ae3bc7dd90fc524742070a9578aa.jpg,Tech,2021-10-04,https://habr.com/ru/company/tomhunter/blog/581490/
1652335874,"А вы знаете, где сейчас используется Лисп?",https://habrastorage.org/getpro/habr/upload_files/98a/4ae/3bc/98a4ae3bc7dd90fc524742070a9578aa.jpg,Tech,2021-10-04,https://habr.com/ru/company/typeable/blog/581488/
4879611566,Как сделать 240 килобайт исходников на ПЛК для управления одними рольставнями,https://habrastorage.org/getpro/habr/upload_files/e3b/119/7b7/e3b1197b7772980de62833c2de8fa938.jpg,Tech,2021-10-04,https://habr.com/ru/post/581468/
2140381877,Сравнение лучших сервисов для мониторинга цен конкурентов: преимущества и отличия,https://habrastorage.org/getpro/habr/upload_files/39e/6f9/448/39e6f9448adbf81b0c2c845a06c18396.png,Tech,2021-10-04,https://habr.com/ru/post/581464/
3402353420,"KotlinDL 0.3: поддержка ONNX, Object Detection API, 20+ новых моделей в ModelHub, и много новых слоев",https://habrastorage.org/getpro/habr/upload_files/62f/147/c65/62f147c65ec9803a28b671f6e0255547.png,Tech,2021-10-04,https://habr.com/ru/company/JetBrains/blog/581462/
2339397167,Российские BIM-технологии: проектирование систем электроснабжения в Model Studio CS,https://habrastorage.org/getpro/habr/upload_files/3a5/199/975/3a5199975ff466b1bdb2b3e80793ac73.jpg,Tech,2021-10-04,https://habr.com/ru/company/nanosoft/blog/581434/
9751922891,"Распространённые ошибки при использовании npm, которых лучше не совершать",https://habrastorage.org/getpro/habr/upload_files/3a5/199/975/3a5199975ff466b1bdb2b3e80793ac73.jpg,Tech,2021-10-04,https://habr.com/ru/company/ruvds/blog/580278/
1172219078,Как работает JavaScript [Объясняю визуально],https://habrastorage.org/getpro/habr/upload_files/60d/021/753/60d0217533f733ac5ac7af0ade4b57ee.gif,Tech,2021-10-04,https://habr.com/ru/post/579628/
9826330962,Полезные бесполезные фичи C#,https://mirpozitiva.ru/wp-content/uploads/2019/11/1479734077_kofe10.jpg,Tech,2021-10-04,https://habr.com/ru/post/580586/
2468618129,Перплексия в языковых моделях,https://habrastorage.org/getpro/habr/upload_files/772/d52/997/772d52997c5299568a742965f61de810.png,Tech,2021-10-04,https://habr.com/ru/company/wunderfund/blog/580230/
2302834183,RBK.money —> Osnova,https://habrastorage.org/getpro/habr/upload_files/a3a/531/89b/a3a53189b331afd9b5ed5a053ea3e793.png,Tech,2021-10-04,https://habr.com/ru/company/rbkmoney/blog/581370/
4304012435,Распознаем медицинские тексты,https://habrastorage.org/getpro/habr/upload_files/73f/c25/221/73fc25221cf38750d64dceb346a17dbb.jpg,Tech,2021-10-04,https://habr.com/ru/post/581408/
1198738628,Сравнение эффективности поиска: Elasticsearch и конкуренты,https://habrastorage.org/getpro/habr/upload_files/552/d9d/0dd/552d9d0dd10ee7112fea03e7755bb77b.png,Tech,2021-10-04,https://habr.com/ru/post/581394/
9436421761,Безопасность ПЛК: 3) Вся логика процесса по возможности должна быть в ПЛК,https://habrastorage.org/getpro/habr/upload_files/885/993/134/885993134d24177d46f4946ba9002c06.png,Tech,2021-10-04,https://habr.com/ru/post/580538/
1955747667,Создание счётчика жестов «дай пять» с помощью глубокого обучения,https://habrastorage.org/getpro/habr/upload_files/cb0/504/7b3/cb05047b313179daccc0d2874033ee75.gif,Tech,2021-10-04,https://habr.com/ru/company/etmc_exponenta/blog/581504/
1936829462,Сравнение лучших сервисов для мониторинга цен конкурентов: преимущества и отличия,https://habrastorage.org/getpro/habr/upload_files/39e/6f9/448/39e6f9448adbf81b0c2c845a06c18396.png,Tech,2021-10-04,https://habr.com/ru/post/581464/
8903836598,Мониторинг сервера Zimbra OSE с помощью Nagios,https://habrastorage.org/getpro/habr/upload_files/dd1/095/557/dd109555723f34da5d2154123dfc377e.png,Tech,2021-10-04,https://habr.com/ru/company/zimbra/blog/581402/
3717735828,Разрыв между производством и потреблением данных,https://habrastorage.org/getpro/habr/upload_files/ba3/689/965/ba36899652efff1752e0e74aa16f4c49.png,Tech,2021-10-04,https://habr.com/ru/post/581430/
3675793749,Распознаем медицинские тексты,https://habrastorage.org/getpro/habr/upload_files/73f/c25/221/73fc25221cf38750d64dceb346a17dbb.jpg,Tech,2021-10-04,https://habr.com/ru/post/581408/
6476248378,Переход с iptables на nftables. Краткий справочник,https://habrastorage.org/getpro/habr/upload_files/73f/c25/221/73fc25221cf38750d64dceb346a17dbb.jpg,Tech,2021-10-04,https://habr.com/ru/company/ruvds/blog/580648/
1915402955,Продленная гарантия на ИБП и дополнительное оборудование,https://habrastorage.org/getpro/habr/upload_files/1f6/db0/5d1/1f6db05d1e5f6844af96cb59dc067c42.png,Tech,2021-10-04,https://habr.com/ru/company/eaton/blog/581346/
52519880,Rule-based оптимизация SQL-запросов,https://habrastorage.org/getpro/habr/upload_files/b5e/fc2/127/b5efc2127d844fb7e42db5b6d4077c96.jpg,Tech,2021-10-04,https://habr.com/ru/company/querifylabs/blog/578842/
6052692428,Автоматизация проверки срока истечения регистрации доменов в kubernetes с использованием prometheus-stack,https://mirpozitiva.ru/wp-content/uploads/2019/11/1479734077_kofe10.jpg,Tech,2021-10-03,https://habr.com/ru/post/581292/
8761310108,Влияние загрязнения воздуха на тяжесть течения Covid- 19,https://habrastorage.org/getpro/habr/upload_files/d41/0fc/e32/d410fce328bb75155111648c79c0a142.jpg,Tech,2021-10-03,https://habr.com/ru/post/581266/
9550135314,"Посмотрите, как Google отслеживает ваше местоположение. С Python, Jupyter, Pandas, Geopandas и Matplotlib",https://habrastorage.org/getpro/habr/upload_files/d74/264/666/d74264666d855d73652bfc12308145f1.png,Tech,2021-10-03,https://habr.com/ru/post/581062/
1037768116,Cамодельный электрический багги с мощным мотором багги. Ч4. Первые испытания в сравнении с BRP Maverick X3 Turbo 160 лс,https://habrastorage.org/getpro/habr/upload_files/5ed/029/68f/5ed02968f62fd34aedea554ed8771031.jpg,Tech,2021-10-02,https://habr.com/ru/post/581220/
999050950,Заметки по выбору шифров для TLS 1.3,https://mirpozitiva.ru/wp-content/uploads/2019/11/1479734077_kofe10.jpg,Tech,2021-10-02,https://habr.com/ru/post/554070/
3594649438,Маленькие «малинки» в крупном дата-центре,https://habrastorage.org/webt/nt/u3/wg/ntu3wgajcxljw-qnzaqttcuiszo.png,Tech,2021-10-02,https://habr.com/ru/company/selectel/blog/580398/
5198123339,"Как работает Lynk, оператор связи, связавший мобильные устройства напрямую со спутниками",https://habrastorage.org/webt/4i/mq/6i/4imq6ir81gtif0b3dd9cyhuwahc.jpeg,Tech,2021-10-02,https://habr.com/ru/company/selectel/blog/581156/
6345993501,Обновление SSL сертификата Let's Encrypt в Zimbra 8,https://habrastorage.org/getpro/habr/upload_files/389/c23/137/389c2313794116e2ca38d9e338c36dcb.png,Tech,2021-10-01,https://habr.com/ru/post/581180/
3751681563,FOSS News №91 — дайджест материалов о свободном и открытом ПО за 27 сентября — 3 октября 2021 года,https://habrastorage.org/getpro/habr/upload_files/389/c23/137/389c2313794116e2ca38d9e338c36dcb.png,Tech,2021-10-01,https://habr.com/ru/post/581176/
3077750164,iOS 15 позволяет находить даже выключенный iPhone: как это сделано и есть ли опасность,https://habrastorage.org/getpro/habr/post_images/b48/b9e/d44/b48b9ed447173b842a06c682c1363ff6.png,Tech,2021-10-01,https://habr.com/ru/post/581046/
1723675766,Создание Live USB-дисков в Linux с помощью команды dd,https://habrastorage.org/getpro/habr/post_images/b48/b9e/d44/b48b9ed447173b842a06c682c1363ff6.png,Tech,2021-10-01,https://habr.com/ru/company/ruvds/blog/578294/
8983213150,Lightbend Cloudflow. Разработка конвейеров потоковой обработки данных,https://habrastorage.org/getpro/habr/upload_files/6d3/317/8b6/6d33178b6af2aed7953b0129cb7b22b2.png,Tech,2021-10-01,https://habr.com/ru/company/neoflex/blog/580076/
5740981184,Квадратный колобок: еще раз про UX в ритейле,https://habrastorage.org/getpro/habr/upload_files/15e/1a8/c17/15e1a8c17e116ed058e23cab7d77d286.jpg,Tech,2021-10-04,https://habr.com/ru/company/mvideo/blog/581470/
9069314289,Первый спутник. 4 октября 1957 года. 1957-001B,https://habrastorage.org/getpro/habr/upload_files/9da/146/09d/9da14609da24eefa996d9bc0e23cbee4.jpg,Tech,2021-10-04,https://habr.com/ru/post/581326/
4855703181,Наступает эра Phygital и метавселенной. Будущее уже близко,https://habrastorage.org/getpro/habr/upload_files/a7c/17a/6d0/a7c17a6d03654efb9ee21c1bbe4f87d3.png,Tech,2021-10-03,https://habr.com/ru/post/581302/
2657255227,Дублирование кода и неконсистентность дизайна: ищем решение,https://habrastorage.org/getpro/habr/upload_files/dbf/c5e/886/dbfc5e8862f6c1e4ccab92828b404b5a.png,Tech,2021-10-03,https://habr.com/ru/company/superjob/blog/581098/
5362120021,Подготовка 2д арта для игр,https://habrastorage.org/getpro/habr/upload_files/fbd/185/dfc/fbd185dfcde619c7b0bd3bf44c611e55.png,Tech,2021-10-03,https://habr.com/ru/post/581244/
4220064616,Создание компонента Toggle,https://habrastorage.org/getpro/habr/upload_files/781/7bd/e1d/7817bde1d91dbc2d46d6917bdf8d867c.jpg,Tech,2021-10-02,https://habr.com/ru/post/578764/
8724825131,Иммерсивный дизайн,https://habrastorage.org/getpro/habr/upload_files/781/7bd/e1d/7817bde1d91dbc2d46d6917bdf8d867c.jpg,Tech,2021-10-01,https://habr.com/ru/post/581126/
7137373328,"Как нужно обрабатывать изображения, чтобы не расстраивать математику?",https://habrastorage.org/getpro/habr/upload_files/37f/beb/49f/37fbeb49f1f13f0cfaa1c7fb043d952d.png,Tech,2021-10-01,https://habr.com/ru/company/twin3d/blog/581082/
9902109270,Лекция 1. Flappy Bird. — CS50`s Introduction to Game Development с русскими субтитрами,https://habrastorage.org/getpro/habr/upload_files/f6b/7f2/3f1/f6b7f23f14d81a014c535c9bb2fc0639.jpg,Tech,2021-09-30,https://habr.com/ru/post/580920/
5696433535,Простой шутер от третьего лица на Unreal Engine. Часть 1,https://habrastorage.org/getpro/habr/upload_files/817/49a/dc5/81749adc5d195b6debda07bf59291b38.png,Tech,2021-09-30,https://habr.com/ru/company/otus/blog/580890/
1399065538,Приемы оптимизации веб-графики в 2021 году,https://mirpozitiva.ru/wp-content/uploads/2019/11/1479734077_kofe10.jpg,Tech,2021-09-30,https://habr.com/ru/company/domclick/blog/580850/
9122097694,Туман в Lost in Random,https://habrastorage.org/getpro/habr/post_images/c4a/d70/05c/c4ad7005c00b6fa93d7cb1a2ff7deae8.jpg,Tech,2021-09-29,https://habr.com/ru/post/580440/
4238361721,Как устроена разработка обучающих игр,https://habrastorage.org/getpro/habr/upload_files/c3a/080/de8/c3a080de860fa8189ef68841dabaa6e1.jpeg,Tech,2021-09-28,https://habr.com/ru/post/580568/
84718039,World of Tanks Blitz — как мы сделали для танков динамическую подвеску,https://habrastorage.org/getpro/habr/upload_files/3a7/9aa/c59/3a79aac597c683f1a440fae3061a2296.jpg,Tech,2021-09-28,https://habr.com/ru/company/wargaming/blog/579814/
7965025075,Как ИИ уже сейчас меняет нашу одежду,https://habrastorage.org/getpro/habr/upload_files/3a7/9aa/c59/3a79aac597c683f1a440fae3061a2296.jpg,Tech,2021-09-28,https://habr.com/ru/company/itsoft/blog/580346/
5743315706,Как мы сделали доступными все технологии Сбера на единой платформе: итоги первого года работы SmartMarket,https://habrastorage.org/getpro/habr/upload_files/7a9/e9a/2d2/7a9e9a2d208c38047a0ff9ba09cbeedb.png,Tech,2021-09-27,https://habr.com/ru/company/sberbank/blog/580260/
1262134264,Jetpack Compose — как легко построить UI на Android,https://habrastorage.org/getpro/habr/upload_files/5da/63d/3cb/5da63d3cbeb8e38de3dde2792d851722.jpg,Tech,2021-09-26,https://habr.com/ru/company/funcorp/blog/579542/
7671969893,"Вектор? Растр? А может — и то, и другое?",https://habrastorage.org/webt/ge/kf/1n/gekf1nauxn50imhrqyil4rlzj5m.jpeg,Tech,2021-09-26,https://habr.com/ru/company/ruvds/blog/578296/
9786811704,"Адаптивный layout — как переверстать весь проект, не перевёрстывая его",https://habrastorage.org/webt/ge/kf/1n/gekf1nauxn50imhrqyil4rlzj5m.jpeg,Tech,2021-09-24,https://habr.com/ru/company/mailru/blog/579798/
5882679056,"Как сделать пейволл, который пройдёт модерацию Apple",https://habrastorage.org/getpro/habr/upload_files/17e/118/cbf/17e118cbf9268f28db4d40c4162c4c56.png,Tech,2021-09-24,https://habr.com/ru/company/adapty/blog/579616/
6667303578,Имена медведя и пелевинская мистификация,https://mirpozitiva.ru/wp-content/uploads/2019/11/1479734077_kofe10.jpg,Tech,2021-10-04,https://habr.com/ru/company/timeweb/blog/575628/
7116960076,Переделегирование: вынужденные меры или слабость руководителя?,https://habrastorage.org/getpro/habr/upload_files/b94/58c/59a/b9458c59a24d2b9fa850645c51bda7ef.jpg,Tech,2021-10-04,https://habr.com/ru/post/581438/
7915713996,Как работает JavaScript [Объясняю визуально],https://habrastorage.org/getpro/habr/upload_files/60d/021/753/60d0217533f733ac5ac7af0ade4b57ee.gif,Tech,2021-10-04,https://habr.com/ru/post/579628/
4146351612,Как быстро усвоить материал? Практические советы для разработчиков и не только,https://habrastorage.org/getpro/habr/upload_files/190/c5d/36d/190c5d36dbc98727f75dff87ac605a4a.jpg,Tech,2021-10-04,https://habr.com/ru/company/ncloudtech/blog/579170/
4426020632,"Мнение экспертов: зарплаты программистов растут, но могут упасть…",https://habrastorage.org/getpro/habr/post_images/0f1/83b/d13/0f183bd1320e9de3eb0c9e525886a1ee.jpg,Tech,2021-10-04,https://habr.com/ru/company/instinctools/blog/580974/
2598363250,"Дюна, Дюночка, Дюна́…",https://habrastorage.org/getpro/habr/upload_files/abe/7f1/a64/abe7f1a64ed7379e2e46aa547b05b203.jpg,Tech,2021-10-04,https://habr.com/ru/post/581390/
1933085551,Зал славы великих анатомов — становление анатомии и физиологии,https://habrastorage.org/getpro/habr/upload_files/fc2/f69/134/fc2f6913425d768a5267ca526cf9c752.jpg,Tech,2021-10-04,https://habr.com/ru/post/581332/
4716780218,"Как сделать цифровой бизнес в ИЖС, повысив качество загородной застройки",https://mirpozitiva.ru/wp-content/uploads/2019/11/1479734077_kofe10.jpg,Tech,2021-10-04,https://habr.com/ru/post/581296/
4912097222,Как сделать из линейного сотрудника начальника и потом с этим жить,https://habrastorage.org/getpro/habr/upload_files/749/ba0/dde/749ba0ddeb2ca034afa56e2559212547.jpeg,Tech,2021-10-04,https://habr.com/ru/post/581312/
8534818567,Банки не хотят внедрять многофакторную авторизацию и покончить с мошенничеством,https://habrastorage.org/getpro/habr/upload_files/e4c/27d/d4b/e4c27dd4b71a9780a919cd5aa2f0a447.png,Tech,2021-10-04,https://habr.com/ru/company/itsoft/blog/581154/
1947315040,"Очевидное, невероятное, корпоративное. Эпизод 1. Проблема воина в команде",https://habrastorage.org/getpro/habr/upload_files/589/937/a1a/589937a1aa09aea93989e87a70b66754.jpg,Tech,2021-10-03,https://habr.com/ru/post/578700/
2920256889,Тайные знания: библиотеки для С++,https://mirpozitiva.ru/wp-content/uploads/2019/11/1479734077_kofe10.jpg,Tech,2021-10-03,https://habr.com/ru/post/581228/
9575070290,История «Data Science». Или как это только не называли,https://habrastorage.org/getpro/habr/upload_files/f6e/adc/40a/f6eadc40abc6c8c42d79194d1e888626.jpg,Tech,2021-10-02,https://habr.com/ru/company/skillfactory/blog/581010/
6116249391,"Никита Колмогоров, создатель бота Shieldy: «Главный совет: не пилить продукт годами»",https://habrastorage.org/getpro/habr/upload_files/ed2/99d/537/ed299d537dcc7c7ec32572aa7b1215d2.jpg,Tech,2021-10-02,https://habr.com/ru/post/581212/
4130743638,С какими челленджами сталкиваются Eco Tech стартапы в России?,https://habrastorage.org/getpro/habr/upload_files/a8e/9ea/940/a8e9ea940aece69e08440a41d626924d.jpg,Tech,2021-10-02,https://habr.com/ru/post/581210/
4651308040,Ядерные чемоданчики: можно ли начать апокалипсис нажатием кнопки?,https://habrastorage.org/webt/7x/tz/k6/7xtzk6-kcpovkuz-wt-aa9fomus.jpeg,Tech,2021-10-02,https://habr.com/ru/company/ruvds/blog/581140/
5406059703,Новый B2B-подкаст: как работает аутсорсинг бухгалтерии,https://habrastorage.org/getpro/habr/upload_files/d99/3ca/0dc/d993ca0dca673b3ddbe5aba81b92166c.png,Tech,2021-10-01,https://habr.com/ru/post/581138/
6409404179,"Кент Бек: отец экстремального программирования, паттернов проектирования, JUnit и TDD",https://habrastorage.org/getpro/habr/upload_files/ed0/007/086/ed000708647d44b9bb96555a28ea3000.png,Tech,2021-10-01,https://habr.com/ru/company/jugru/blog/580976/
1167909627,Займёт ли ИИ вашу работу? Исследование Казимира Райнеровича,https://habrastorage.org/getpro/habr/upload_files/c6b/39c/c6d/c6b39cc6d86ba7810ea4c315d5b02a41.jpg,Tech,2021-10-01,https://habr.com/ru/post/580876/
2241823365,В чем измерять удаленных разработчиков?,https://habrastorage.org/getpro/habr/upload_files/b99/37c/24f/b9937c24ff672cb35134fa84c74a739f.png,Tech,2021-10-01,https://habr.com/ru/company/maxilect/blog/581106/
4269257759,Сравнение лучших сервисов для мониторинга цен конкурентов: преимущества и отличия,https://habrastorage.org/getpro/habr/upload_files/39e/6f9/448/39e6f9448adbf81b0c2c845a06c18396.png,Tech,2021-10-04,https://habr.com/ru/post/581464/
3740943333,Dhaf — сделать свой веб-сервис отказоустойчивым доступно для каждого,https://habrastorage.org/getpro/habr/upload_files/ac6/021/d56/ac6021d5672bb2dd4961386cca74cb42.png,Tech,2021-10-04,https://habr.com/ru/post/580784/
6956070904,"Дюна, Дюночка, Дюна́…",https://habrastorage.org/getpro/habr/upload_files/abe/7f1/a64/abe7f1a64ed7379e2e46aa547b05b203.jpg,Tech,2021-10-04,https://habr.com/ru/post/581390/
9170540568,Digital-мероприятия в Москве c 4 по 10 октября,https://habrastorage.org/getpro/habr/upload_files/abe/7f1/a64/abe7f1a64ed7379e2e46aa547b05b203.jpg,Tech,2021-10-04,https://habr.com/ru/post/581328/
9281326936,"Как сделать цифровой бизнес в ИЖС, повысив качество загородной застройки",https://mirpozitiva.ru/wp-content/uploads/2019/11/1479734077_kofe10.jpg,Tech,2021-10-04,https://habr.com/ru/post/581296/
6732738405,Осенний Java-хардкор на Joker 2021,https://habrastorage.org/getpro/habr/upload_files/b39/28c/4bb/b3928c4bbed26dade15c5a6b853fe5b3.png,Tech,2021-10-01,https://habr.com/ru/company/jugru/blog/580848/
4628321721,Обзор конференции Samsung Open Source Conference Russia 2021: такой разный российский Open Source,https://habrastorage.org/getpro/habr/upload_files/1d8/ed3/6cd/1d8ed36cd9dd244648803e258e5ebe45.png,Tech,2021-10-01,https://habr.com/ru/company/samsung/blog/581102/
7133434936,Всё включено и ничего не выключено. Мой опыт проектно-ориентированной стажировки в Европе,https://habrastorage.org/getpro/habr/upload_files/1d8/ed3/6cd/1d8ed36cd9dd244648803e258e5ebe45.png,Tech,2021-10-01,https://habr.com/ru/post/581076/
4680019854,Трансформация онлайн-прессы и профильных IT-медиа: что стоит знать технологическим компаниям и стартапам,https://habrastorage.org/getpro/habr/upload_files/44f/658/076/44f658076ae8d931391bf6c8b16b89e8.jpeg,Tech,2021-09-30,https://habr.com/ru/company/spbifmo/blog/580458/
5374341636,О чём .NET-разработчикам расскажут на DotNext 2021 Moscow,https://habrastorage.org/getpro/habr/upload_files/aee/58c/604/aee58c604114791cf6e493e61c72f433.png,Tech,2021-09-28,https://habr.com/ru/company/jugru/blog/580296/
9343208207,"Quick win, приведший к epic fail, или Как в гонке за ИТ-продажами не потерять всё",https://habrastorage.org/getpro/habr/upload_files/f7f/a91/02a/f7fa9102a61048d14d41eafcffb11ba5.jpg,Tech,2021-09-28,https://habr.com/ru/company/icl_services/blog/580470/
2478922597,"Записи воркшопов для Java-разработчиков по ActiveMQ, RabbitMQ, Apache Kafka",https://mirpozitiva.ru/wp-content/uploads/2019/11/1479734077_kofe10.jpg,Tech,2021-09-28,https://habr.com/ru/company/epam_systems/blog/580454/
4103430289,Делаем базу знаний для .NET разработчиков,https://habrastorage.org/getpro/habr/upload_files/5dd/71e/cc9/5dd71ecc908ff997a1f46f440a9daaad.jpg,Tech,2021-09-28,https://habr.com/ru/company/skbkontur/blog/580374/
8727923653,Чат-бот радар или как разбудить чат-бот в точке продаж,https://habrastorage.org/getpro/habr/upload_files/5dd/71e/cc9/5dd71ecc908ff997a1f46f440a9daaad.jpg,Tech,2021-09-28,https://habr.com/ru/company/beacon-connect/blog/578470/
6432306131,Добро пожаловать на хабрадегустацию,https://habrastorage.org/getpro/habr/upload_files/f28/73d/875/f2873d87531005948f40169432f05ebb.png,Tech,2021-09-27,https://habr.com/ru/company/skillfactory/blog/579984/
2849121875,Топ-5 когнитивных искажений при планировании в IT,https://habrastorage.org/getpro/habr/upload_files/b78/76f/001/b7876f0010e85c328462a735df0b76e8.jpg,Tech,2021-09-27,https://habr.com/ru/company/oleg-bunin/blog/580150/
637233612,9 лет в поисках идеального материала: как мы ведём корпоративный блог на Хабре,https://habrastorage.org/getpro/habr/upload_files/371/139/40b/37113940bf48049c75e527b7a5326e5f.png,Tech,2021-09-27,https://habr.com/ru/company/alconost/blog/579886/
3651023214,Digital-мероприятия в Москве c 27 сентября по 3 октября,https://habrastorage.org/getpro/habr/upload_files/371/139/40b/37113940bf48049c75e527b7a5326e5f.png,Tech,2021-09-27,https://habr.com/ru/post/580112/
3533343183,Как финансировать стартап на этапе MVP? Краткое руководство по первичному финансированию,https://habrastorage.org/getpro/habr/upload_files/752/169/6af/7521696afc6ba095b06063f89c452ebe.jpeg,Tech,2021-09-26,https://habr.com/ru/post/580070/
5349944964,"29 сентября — Hello, conference! mode: on",https://habrastorage.org/getpro/habr/upload_files/9f2/a49/6d6/9f2a496d68eb49d65373bdd4ff72ccfb.png,Tech,2021-09-25,https://habr.com/ru/company/ru_mts/blog/579958/
9880813871,Создание счётчика жестов «дай пять» с помощью глубокого обучения,https://habrastorage.org/getpro/habr/upload_files/cb0/504/7b3/cb05047b313179daccc0d2874033ee75.gif,Tech,2021-10-04,https://habr.com/ru/company/etmc_exponenta/blog/581504/
6967286556,Аудио-графическое шифрование или как звук в картинку спрятать,https://habrastorage.org/getpro/habr/upload_files/b07/553/001/b0755300187484719767a6b8916b7218.jpg,Tech,2021-10-04,https://habr.com/ru/post/581496/
5347851757,Имена медведя и пелевинская мистификация,https://mirpozitiva.ru/wp-content/uploads/2019/11/1479734077_kofe10.jpg,Tech,2021-10-04,https://habr.com/ru/company/timeweb/blog/575628/
5080598017,Как сделать 240 килобайт исходников на ПЛК для управления одними рольставнями,https://habrastorage.org/getpro/habr/upload_files/e3b/119/7b7/e3b1197b7772980de62833c2de8fa938.jpg,Tech,2021-10-04,https://habr.com/ru/post/581468/
9027577797,Российские BIM-технологии: проектирование систем электроснабжения в Model Studio CS,https://habrastorage.org/getpro/habr/upload_files/3a5/199/975/3a5199975ff466b1bdb2b3e80793ac73.jpg,Tech,2021-10-04,https://habr.com/ru/company/nanosoft/blog/581434/
9819370312,Как быстро усвоить материал? Практические советы для разработчиков и не только,https://habrastorage.org/getpro/habr/upload_files/190/c5d/36d/190c5d36dbc98727f75dff87ac605a4a.jpg,Tech,2021-10-04,https://habr.com/ru/company/ncloudtech/blog/579170/
6361290489,"Начало 2.0. Буду рассказывать об испытаниях микросхем, бизнесе, технологиях и бережливом производстве",https://habrastorage.org/getpro/habr/upload_files/74f/fe8/06b/74ffe806bfd92facac5e7062612c9fa3.jpg,Tech,2021-10-04,https://habr.com/ru/post/581436/
3161508887,"Дюна, Дюночка, Дюна́…",https://habrastorage.org/getpro/habr/upload_files/abe/7f1/a64/abe7f1a64ed7379e2e46aa547b05b203.jpg,Tech,2021-10-04,https://habr.com/ru/post/581390/
6307535841,Всё это ради коров. Почему Швеция строит крупнейшую в мире фабрику для выращивания водорослей,https://habrastorage.org/getpro/habr/upload_files/abe/7f1/a64/abe7f1a64ed7379e2e46aa547b05b203.jpg,Tech,2021-10-04,https://habr.com/ru/company/itsoft/blog/581366/
547993127,Зал славы великих анатомов — становление анатомии и физиологии,https://habrastorage.org/getpro/habr/upload_files/fc2/f69/134/fc2f6913425d768a5267ca526cf9c752.jpg,Tech,2021-10-04,https://habr.com/ru/post/581332/
5983749881,Как устранить баг с конвейерами в Factorio,https://habrastorage.org/getpro/habr/post_images/5c7/3ed/65b/5c73ed65bac21cb5dcccc03525f6bcde.gif,Tech,2021-10-04,https://habr.com/ru/post/581290/
2636899518,"Пять презентаций по RISC-V процессорам, музыка на ПЛИСах и продолжение следует",https://habrastorage.org/getpro/habr/upload_files/dc7/f0a/3f9/dc7f0a3f946252ba9b251aa08b236390.png,Tech,2021-10-04,https://habr.com/ru/post/581320/
5315798812,Viva la Abdala! Вакцинация по-кубински,https://habrastorage.org/webt/yu/dt/48/yudt48qqzlze02wo7f7bxmqssqi.jpeg,Tech,2021-10-04,https://habr.com/ru/post/566058/
2773057608,Банки не хотят внедрять многофакторную авторизацию и покончить с мошенничеством,https://habrastorage.org/getpro/habr/upload_files/e4c/27d/d4b/e4c27dd4b71a9780a919cd5aa2f0a447.png,Tech,2021-10-04,https://habr.com/ru/company/itsoft/blog/581154/
4563761928,TypeScript Native (AOT) Compiler,https://habrastorage.org/getpro/habr/upload_files/806/c9a/29c/806c9a29c0b0da569cebef82f14461ff.gif,Tech,2021-10-04,https://habr.com/ru/post/581308/
5562344045,Наступает эра Phygital и метавселенной. Будущее уже близко,https://habrastorage.org/getpro/habr/upload_files/a7c/17a/6d0/a7c17a6d03654efb9ee21c1bbe4f87d3.png,Tech,2021-10-03,https://habr.com/ru/post/581302/
6923059798,"Модульный телефон Fairphone — концепция, производитель и три поколения девайса",https://habrastorage.org/getpro/habr/post_images/0e8/1ac/634/0e81ac63451267acd1942563a5c73bf3.png,Tech,2021-10-03,https://habr.com/ru/company/selectel/blog/579528/
4029320043,"Бум винила, вдогонку за прошлым",https://habrastorage.org/getpro/habr/upload_files/38e/a87/aab/38ea87aab8b009a3c2178bed6f9f699d.jpg,Tech,2021-10-03,https://habr.com/ru/post/581278/
5499755122,Моя маленькая помощь малым языкам,https://habrastorage.org/getpro/habr/upload_files/38e/a87/aab/38ea87aab8b009a3c2178bed6f9f699d.jpg,Tech,2021-10-03,https://habr.com/ru/post/581272/
884766763,Влияние загрязнения воздуха на тяжесть течения Covid- 19,https://habrastorage.org/getpro/habr/upload_files/d41/0fc/e32/d410fce328bb75155111648c79c0a142.jpg,Tech,2021-10-03,https://habr.com/ru/post/581266/
1365896958,Акции и предложения октября от онлайн-школ — успейте выбрать и записаться,https://dev.by/storage/images/36/82/15/79/derived/c719504218c83e458d69481a23387261.jpg,Tech,2021-10-04,https://dev.by/news/bonus-students-day
4268975674,"Компании врут клиентам, разрабы — компаниям. Разбираем феномен обмана на собесах",https://dev.by/storage/images/21/13/87/23/derived/2720c64e846f9e3498a4444bf9c0253b.jpg,Tech,2021-10-04,https://dev.by/news/veynik-trick
1329484372,Как пройти интервью в Luxoft на позицию Java: чек-лист полезных советов,https://dev.by/storage/images/21/45/07/68/derived/9bd2083c96347f04584340c39e0c59e0.jpg,Tech,2021-10-04,https://dev.by/news/luxoft-java
6655378914,"Facebook опоясывает континенты (акулы против), метаверс побеждает смерть. Техдайджест",https://dev.by/storage/images/46/44/97/75/derived/f1c7fa4c57bafaa13b9f9b0fb7f4db3b.jpg,Tech,2021-10-02,https://dev.by/news/metavers-pobezhdaet-smert-tehdaidzhest
9113552874,"Apple зарабатывает на играх больше, чем Sony, Microsoft и Nintendo вместе взятые",https://content.onliner.by/news/970x485/c37d927627234e5de191e8e6071a5aff.jpeg,Tech,2021-10-04,https://tech.onliner.by/2021/10/04/apple-zarabatyvaet-na-igrax-bolshe-chem-sony-microsoft-i-nintendo-vmeste-vzyatye
5722012849,Вот в какую сумму Apple встает производство одного iPhone 13 Pro ,https://content.onliner.by/news/970x485/fdd64279d1916b001a90edd4de144185.jpeg,Tech,2021-10-04,https://tech.onliner.by/2021/10/04/vot-v-kakuyu-summu-apple-vstaet-proizvodstvo-odnogo-iphone-13-pro
4858709957,"Bloomberg: Apple проведет еще одну презентацию в октябре, что на ней покажут",https://content.onliner.by/news/970x485/537d64e2719979f07ca18ea7368066d5.jpeg,Tech,2021-10-04,https://tech.onliner.by/2021/10/04/bloomberg-apple-provedet-eshhe-odnu-prezentaciyu-v-oktyabre-chto-na-nej-pokazhut
2791032678,"Новый iPhone 13 Pro Max согнули, поцарапали и подожгли — смартфон выжил",https://content.onliner.by/news/970x485/d38b55b1f877fa0c4cce05dc400f882d.jpeg,Tech,2021-10-01,https://tech.onliner.by/2021/10/01/novyj-iphone-13-pro-max-sognuli-pocarapali-i-podozhgli-smartfon-vyzhil
2847255885,В сети назвали дату выхода Apple Watch Series 7 в продажу,https://content.onliner.by/news/970x485/f4a848e7c9a4f1f239e07814ce7910b7.jpeg,Tech,2021-10-01,https://tech.onliner.by/2021/10/01/v-seti-nazvali-datu-vyxoda-apple-watch-series-7-v-prodazhu
2896647389,Офтальмолог нашел неожиданный способ использования камеры iPhone 13 Pro Max,https://content.onliner.by/news/970x485/fa065f2c892f3c11d3050d2b1d368638.jpeg,Tech,2021-10-01,https://tech.onliner.by/2021/10/01/oftalmolog-nashel-neozhidannyj-sposob-ispolzovaniya-kamery-iphone-13-pro-max
2317329644,"«Не баг, а фича». Apple объяснила дрожание экрана iPad mini 6",https://content.onliner.by/news/970x485/95b6f4b4e0d567ed74b3ec2aaef16b34.jpeg,Tech,2021-09-29,https://tech.onliner.by/2021/09/29/ne-bag-a-ficha-apple-obyasnila-drozhanie-ekrana-ipad-mini-6
4643179003,Дисплей iPhone 13 Pro Max назвали лучшим в истории. Его делают в Samsung,https://content.onliner.by/news/970x485/b1e8dfb26fcf015ec2da952d37d74637.jpeg,Tech,2021-09-29,https://tech.onliner.by/2021/09/29/displej-iphone-13-pro-max-nazvali-luchshim-v-istorii-ego-delayut-v-samsung
1622359713,Apple и Tesla под угрозой? Китай приостановил производство чипов из-за экономии электричества,https://content.onliner.by/news/970x485/21c889e4599a4379f76b033986ff9745.jpeg,Tech,2021-09-28,https://tech.onliner.by/2021/09/28/apple-i-tesla-pod-ugrozoj-kitaj-priostanovil-proizvodstvo-chipov-iz-za-ekonomii-elektrichestva
3908547837,iPhone 14 будет ждать полный редизайн,https://content.onliner.by/news/970x485/f6de0fff75602a278e899c1ef043bed0.jpeg,Tech,2021-09-27,https://tech.onliner.by/2021/09/27/iphone-14-budet-zhdat-polnyj-redizajn
3816113442,"Apple отключит Face ID в iPhone 13, если вы замените экран в «левом» сервисе",https://content.onliner.by/news/970x485/b122bc8bfaeca7014c4a667f4bc2b6a7.jpeg,Tech,2021-09-27,https://tech.onliner.by/2021/09/27/apple-otklyuchit-face-id-v-iphone-13-esli-vy-zamenite-ekran-v-levom-servise
7056336429,Обновленный MacBook Air получит экран с mini-LED,https://content.onliner.by/news/970x485/57894f0b56c34fb8d026b253317d8de1.jpeg,Tech,2021-09-27,https://tech.onliner.by/2021/09/27/obnovlennyj-macbook-air-poluchit-ekran-s-mini-led
4003462540,"В сети раскрыли, какие экраны получат новые MacBook Pro",https://content.onliner.by/news/970x485/64339aa1fe825e1b0311e5f3a9688f87.jpeg,Tech,2021-09-24,https://tech.onliner.by/2021/09/24/v-seti-raskryli-kakie-ekrany-poluchat-novye-macbook-pro-i-rasskazali-kogda-ix-zhdat
1572059492,За сколько в Беларуси можно купить iPhone 13 в первый день продаж,https://content.onliner.by/news/970x485/404ce3207fe4a714e3bb463e2ddf2e79.jpeg,Tech,2021-09-24,https://tech.onliner.by/2021/09/24/bolshe-6-tysyach-rublej-vot-za-skolko-v-belarusi-mozhno-kupit-iphone-13-v-pervyj-den-prodazh
1022000265,В Саратове полицейский майнил криптовалюту в здании МВД. Заведено уголовное дело,https://content.onliner.by/news/970x485/72dc0d8ee4c077d1ef2ff10ca7d85ca8.jpeg,Tech,2021-10-04,https://tech.onliner.by/2021/10/04/v-saratove-policejskij-majnil-kriptovalyutu-v-zdanii-mvd-zavedeno-ugolovnoe-delo
6883067919,В Сальвадоре начали добывать биткоины с помощью энергии вулкана,https://content.onliner.by/news/970x485/8c45d9aeed5652ddfccc729cab166f09.jpeg,Tech,2021-10-02,https://tech.onliner.by/2021/10/02/v-salvadore-nachali-dobyvat-bitkoiny-s-pomoshhyu-energii-vulkana
487497936,Хомяк торговал криптовалютой на бирже. Увеличил свой портфель на 30%,https://content.onliner.by/news/970x485/5baa31c89f43986e015023d6efe035e6.jpeg,Tech,2021-09-27,https://tech.onliner.by/2021/09/27/xomyak-torgoval-kriptovalyutoj-na-birzhe-uvelichil-svoj-portfel-na-30
8530157281,"За NFT-версию работы белорусского художника дали 0,6 эфира — это около $2,1 тысячи",https://content.onliner.by/news/970x485/4b2a344dfe82734937514010ab4364b8.jpeg,Tech,2021-09-17,https://tech.onliner.by/2021/09/17/za-nft-versiyu-raboty-belorusskogo-xudozhnika-dali-06-efira
6983330643,Нацбанк задумался о введении белорусского цифрового рубля,https://content.onliner.by/news/970x485/9ecd22ca3bf8137bba7f261d29b719ef.jpeg,Tech,2021-09-17,https://tech.onliner.by/2021/09/17/nacbank-zadumalsya-o-vvedenii-belorusskogo-cifrovogo-rublya
2808388184,Почему упал Bitcoin? Эксперты объяснили (очередной) резкий обвал,https://content.onliner.by/news/970x485/749ae8a324e120a8e563f5cc4c91492c.jpeg,Tech,2021-09-08,https://tech.onliner.by/2021/09/08/pochemu-upal-bitcoin-eksperty-obyasnili-ocherednoj-rezkij-obval
8256329938,Биткоин резко упал,https://content.onliner.by/news/970x485/b51dbcc0855ab80bbf7f5ed33f18c87e.jpeg,Tech,2021-09-07,https://tech.onliner.by/2021/09/07/bitkoin-rezko-upal
9646456673,Сальвадор закупил еще 200 биткоинов для официального использования,https://content.onliner.by/news/970x485/2e81d86a83c1c55caf2c85bde2e3af32.jpeg,Tech,2021-09-07,https://tech.onliner.by/2021/09/07/salvador-zakupil-eshhe-200-bitkoinov-dlya-oficialnogo-ispolzovaniya
3122136897,Майнеры Chia Coin продают накопители себе в убыток после обвала криптовалюты,https://content.onliner.by/news/970x485/76981f33bb0349b0d0afcbc474a5e8c5.jpeg,Tech,2021-09-06,https://tech.onliner.by/2021/09/06/majnery-chia-coin-prodayut-nakopiteli-sebe-v-ubytok-posle-obvala-kriptovalyuty
5020635389,"Ethereum стал дороже $4 тысяч, но ненадолго",https://content.onliner.by/news/970x485/6e2475ff68c964a64276759a82911c09.jpeg,Tech,2021-09-04,https://tech.onliner.by/2021/09/04/ethereum-stal-dorozhe-4-tysyach-no-nenadolgo
6287105569,Биткоин снова перевалил за $50 тысяч,https://content.onliner.by/news/970x485/0b1c531c19950e6473472e8b0561e668.jpeg,Tech,2021-09-02,https://tech.onliner.by/2021/09/02/bitkoin-snova-perevalil-za-50-tysyach
3627247091,"Виктор Прокопеня и криптобиржа FTX выкупили доли в Currency.com, Capital.com и Zubr.io",https://content.onliner.by/news/970x485/acef179e70b17eb20a91ad0f68972fea.jpeg,Tech,2021-08-18,https://tech.onliner.by/2021/08/18/viktor-prokopenya-i-kriptobirzha-ftx-vykupili-doli-v-currency-com-capital-com-i-zubr-io
1675939983,Друг украл у безработного односельчанина криптовалюту,https://content.onliner.by/news/970x485/368fa6406e5edc041cdaa9d26c9e489a.jpeg,Tech,2021-08-18,https://tech.onliner.by/2021/08/18/drug-ukral-u-bezrabotnogo-odnoselchanina-kriptovalyutu
6731706414,Сколько криптовалютный обменник Coinbase зарабатывает на комиссии со сделок?,https://content.onliner.by/news/970x485/8b1e3dcc6080c2a0c3a67aaf70458be9.jpeg,Tech,2021-08-11,https://tech.onliner.by/2021/08/11/skolko-kriptovalyutnyj-obmennik-coinbase-zarabatyvaet-na-komissii-so-sdelok
6130651221,Полиция нашла незаконную майнинг-ферму в Главном управлении полиции в Варшаве,https://content.onliner.by/news/970x485/7baa62ebfcd332f36e865326e8f6da34.jpeg,Tech,2021-08-02,https://tech.onliner.by/2021/08/02/policiya-nashla-nezakonnuyu-majning-fermu-v-glavnom-upravlenii-policii-v-varshave
4235555525,Илон Маск опять поднял курсы криптовалют,https://content.onliner.by/news/970x485/3aabdca20d6397fadb77f30553957eeb.jpeg,Tech,2021-07-22,https://tech.onliner.by/2021/07/22/ilon-mask-opyat-podnyal-kursy-kriptovalyut
9599207824,"Биткоин опустился ниже $30 тысяч, потеряв $100 миллиардов капитализации",https://content.onliner.by/news/970x485/fc3b5953df5986611df7dea20410322a.jpeg,Tech,2021-07-20,https://tech.onliner.by/2021/07/20/bitkoin-opustilsya-nizhe-30-tysyach-poteryav-100-milliardov-kapitalizacii
2779216239,Ученые выявили неожиданные последствия гипертонии,https://cdn.iz.ru/sites/default/files/news-2021-10/TASS_45927808.jpg,Science,2021-10-04,https://iz.ru/1230778/2021-10-04/uchenye-vyiavili-neozhidannye-posledstviia-gipertonii
8636788631,Американский сегмент МКС получил 250 серьезных технических замечаний,https://cdn.iz.ru/sites/default/files/news-2021-10/fgb.jpg,Science,2021-10-04,https://iz.ru/1230764/2021-10-04/amerikanskii-segment-mks-poluchil-250-sereznykh-tekhnicheskikh-zamechanii
8729277333,США решили создать прототип Центра космической разведки,https://cdn.iz.ru/sites/default/files/news-2021-10/20210927_zia_c218_007.jpg,Science,2021-10-04,https://iz.ru/1230677/2021-10-04/ssha-reshili-sozdat-prototip-tcentra-kosmicheskoi-razvedki
6369486010,Руководитель полета сообщил о технических неполадках на МКС,https://cdn.iz.ru/sites/default/files/news-2021-10/20210930_gaf_ic06_009.jpg,Science,2021-10-04,https://iz.ru/1230681/2021-10-04/rukovoditel-poletom-soobshchil-o-tekhnicheskikh-nepoladkakh-na-mks
5164768521,Первый в мире «киноэкипаж» утвердили к полету на МКС,https://cdn.iz.ru/sites/default/files/news-2021-10/2021-10-01T103718Z_1879693802_RC2R0Q9BVEB1_RTRMADP_3_SPACE-EXPLORATION-RUSSIA-MOVIE-SOYUZ%20copy.jpg,Science,2021-10-04,https://iz.ru/1230530/2021-10-04/pervyi-v-mire-kinoekipazh-utverdili-k-poletu-na-mks
6952654560,Объявлены лауреаты Нобелевской премии в области физиологии и медицины,https://cdn.iz.ru/sites/default/files/news-2021-10/ard.jpg,Science,2021-10-04,https://iz.ru/1230527/2021-10-04/obiavleny-laureaty-nobelevskoi-premii-v-oblasti-fiziologii-i-meditciny
4366883444,В МИЦ «Известия» обсуждают актуальные исследования космоса. Трансляция,https://cdn.iz.ru/sites/default/files/news-2021-10/DK107426.JPG,Science,2021-10-04,https://iz.ru/1229512/2021-10-04/v-mitc-izvestiia-obsuzhdaiut-aktualnye-issledovaniia-kosmosa-transliatciia
6121281692,Китайские ученые собрали генетический материал на Эвересте,https://cdn.iz.ru/sites/default/files/news-2021-10/20190904_gaf_u40_525.jpg,Science,2021-10-04,https://iz.ru/1230399/2021-10-04/kitaiskie-uchenye-sobrali-geneticheskii-material-na-evereste
1666478357,NASA завершило проектирование космического телескопа «Нэнси Грейс Роман»,https://cdn.iz.ru/sites/default/files/news-2021-10/romamsassjpg_1.jpg,Science,2021-10-03,https://iz.ru/1230346/2021-10-03/nasa-zavershilo-proektirovanie-kosmicheskogo-teleskopa-nensi-greis-roman
3612103014,Ученые обнаружили вызывающие ожирение гены,https://cdn.iz.ru/sites/default/files/news-2021-10/20180719_gaf_u40_123.jpg,Science,2021-10-03,https://iz.ru/1230142/2021-10-03/uchenye-obnaruzhili-vyzyvaiushchie-ozhirenie-geny
8157688790,Ученые рассказали о блокирующем ВИЧ и другие вирусы белке,https://cdn.iz.ru/sites/default/files/news-2021-10/20210907_gaf_u39_1596.jpg,Science,2021-10-01,https://iz.ru/1229734/2021-10-01/uchenye-rasskazali-o-blokiruiushchem-vich-i-drugie-virusy-belke
6397560166,Ученые предупредили о снижении отражающей способности Земли,https://cdn.iz.ru/sites/default/files/news-2021-10/20200415_gaf_ic07_006.jpg,Science,2021-10-01,https://iz.ru/1229651/2021-10-01/uchenye-predupredili-o-snizhenii-otrazhaiushchei-sposobnosti-zemli
9484427459,Байден призвал поднять потолок госдолга США,https://1prime.ru/images/83395/11/833951141.jpg,Economics,2021-10-04,https://1prime.ru/state_regulation/20211004/834874571.html
5024371586,Министры финансов еврозоны обсудят влияние на инфляцию цен на энергию,https://1prime.ru/images/83051/42/830514290.jpg,Economics,2021-10-04,https://1prime.ru/state_regulation/20211004/834873507.html
1063487116,ВТО улучшила прогноз роста мировой торговли в 2021 году,https://1prime.ru/images/82898/33/828983311.jpg,Economics,2021-10-04,https://1prime.ru/state_regulation/20211004/834870844.html
9657915333,СМИ: США планируют новые торговые переговоры с Китаем,https://1prime.ru/images/82926/51/829265150.jpg,Economics,2021-10-04,https://1prime.ru/world/20211004/834870796.html
6515982828,Эксперт допустил бегство компаний из Китая на фоне энергокризиса,https://1prime.ru/images/82935/84/829358487.jpg,Economics,2021-10-04,https://1prime.ru/world/20211004/834870115.html
3209288511,В Японии избрали нового премьер-министра,https://1prime.ru/images/82953/61/829536157.jpg,Economics,2021-10-04,https://1prime.ru/world/20211004/834866702.html
2139040079,"Эксперты рассказали, как Россия заработает на рекордно подорожавшем угле",https://1prime.ru/images/83137/52/831375246.jpg,Economics,2021-10-04,https://1prime.ru/energy/20211004/834866015.html
4429817891,Исследование: 90% компаний Европы инвестируют в наукоемкие технологии,https://1prime.ru/images/83344/64/833446401.jpg,Economics,2021-10-04,https://1prime.ru/telecommunications_and_technologies/20211004/834865434.html
398572542,"Зеленский сообщил, что готов к встрече с Путиным",https://1prime.ru/images/83392/91/833929191.jpg,Economics,2021-10-03,https://1prime.ru/state_regulation/20211003/834863224.html
3298293512,"Инвестиционный стратег рассказал, когда ждать обвала американских рынков",https://1prime.ru/images/83222/07/832220789.jpg,Economics,2021-10-03,https://1prime.ru/world/20211003/834861921.html
1265804364,"Лукашенко заявил, что не мстит ЕС за санкции с помощью мигрантов",https://1prime.ru/images/82881/09/828810965.jpg,Economics,2021-10-02,https://1prime.ru/world/20211002/834857193.html
3312954928,Население Венесуэлы опасается обесценивания боливара после деноминации,https://1prime.ru/images/82965/77/829657777.jpg,Economics,2021-10-02,https://1prime.ru/world/20211002/834856529.html
6055682680,"Киев обвинили в ""газовой наркомании"" и в привычке ""жить на халяву""",https://1prime.ru/images/83444/23/834442382.jpg,Economics,2021-10-02,https://1prime.ru/gas/20211002/834856490.html
5105893936,Последний привет Вашингтона. Какой удар по России готовят США,https://1prime.ru/images/83317/43/833174339.jpg,Economics,2021-10-02,https://1prime.ru/state_regulation/20211002/834826519.html
2838418035,В России оценили угрозы чешского политика из-за цен на газ в Европе,https://1prime.ru/images/83469/89/834698996.jpg,Economics,2021-10-02,https://1prime.ru/gas/20211002/834855952.html
7742986586,"Экономист объяснил, почему пока не стоит ждать кризиса",https://1prime.ru/images/82970/83/829708316.jpg,Economics,2021-10-02,https://1prime.ru/state_regulation/20211002/834813895.html
7875099803,Дефицит газа вызывает все больше проблем в Европе,https://1prime.ru/images/83105/76/831057645.jpg,Economics,2021-10-01,https://1prime.ru/world/20211001/834850592.html
7405299316,Индекс потребительских настроений в США в сентябре вырос лучше прогноза,https://1prime.ru/images/83179/55/831795527.jpg,Economics,2021-10-01,https://1prime.ru/state_regulation/20211001/834850539.html
1984319100,Индекс деловой активности в промышленности США неожиданно вырос,https://1prime.ru/images/83403/59/834035904.jpg,Economics,2021-10-01,https://1prime.ru/state_regulation/20211001/834850502.html
9601818595,Эксперты предрекли миру предрекли тотальный дефицит и дороговизну,https://1prime.ru/images/76652/85/766528550.jpg,Economics,2021-10-01,https://1prime.ru/world/20211001/834849421.html
4045576276,Америка безуспешно пытается спастись от дефолта,https://1prime.ru/images/82867/57/828675768.jpg,Economics,2021-10-01,https://1prime.ru/world/20211001/834846530.html
4031054945,"Годовая инфляция в еврозоне по итогам сентября ускорилась до 3,4%",https://1prime.ru/images/82870/89/828708943.jpg,Economics,2021-10-01,https://1prime.ru/state_regulation/20211001/834845321.html
5980925873,Эксперты ожидают рекордного товарооборота России и Китая по итогам года,https://1prime.ru/images/83241/24/832412402.jpg,Economics,2021-10-01,https://1prime.ru/world/20211001/834844476.html
382783008,Индекс деловой активности в  промышленности еврозоны в сентябре снизился,https://1prime.ru/images/83138/39/831383906.jpg,Economics,2021-10-01,https://1prime.ru/Index/20211001/834844433.html
9706020141,В Германии оценили план отказа от российского газа к 2045 году,https://1prime.ru/images/83325/89/833258981.jpg,Economics,2021-10-01,https://1prime.ru/gas/20211001/834842081.html
3343517105,Байден подписал временный бюджет США,https://1prime.ru/images/83394/76/833947635.jpg,Economics,2021-10-01,https://1prime.ru/world/20211001/834841814.html
2393545237,"Эксперт предупредила, чем обернется для мира ужесточение политики ФРС США",https://1prime.ru/images/82899/33/828993367.jpg,Economics,2021-10-01,https://1prime.ru/Financial_market/20211001/834841307.html
3740202921,"""Газпром"" начинает поставки газа в Венгрию в обход Украины",https://1prime.ru/images/83085/06/830850646.jpg,Economics,2021-10-01,https://1prime.ru/gas/20211001/834841274.html
3007409935,Эксперт оценил угрозы от возможного банкротства Evergrande,https://1prime.ru/images/82994/32/829943242.jpg,Economics,2021-09-30,https://1prime.ru/state_regulation/20210930/834839457.html
4967150515,ОПЕК представила оценку объема мировых запасов нефти в 2020 году,https://1prime.ru/images/83120/34/831203445.jpg,Economics,2021-09-30,https://1prime.ru/oil/20210930/834836596.html
43888750,У Джикии выявлены два гена ожирения,https://cdni.rt.com/russian/images/2021.10/article/615b7cf1ae5ac936c2439fa3.jpeg,Sport,2021-10-5,https://russian.rt.com/sport/news/914209-dzhikiya-geny-ozhirenie
9113651210,Россия не примет этап Гран-при по фигурному катанию среди юниоров в сезоне-2022/23,https://cdni.rt.com/russian/images/2021.10/article/615b7a55ae5ac965024634a5.JPG,Sport,2021-10-5,https://russian.rt.com/sport/news/914208-rossiya-gran-pri-figurnoe-katanie
1327130399,"Сычёв считает, что «Локомотиву» будет не хватать Николича",https://cdni.rt.com/russian/images/2021.10/article/615b797bae5ac924e64f6688.jpeg,Sport,2021-10-5,https://russian.rt.com/sport/news/914205-sychyov-lokomotiv-nikolich
400029034,"Кафанов: Лунёв в «Зените» каждый год вешать себе золотую медаль, но ушёл из зоны комфорта",https://cdni.rt.com/russian/images/2021.10/article/615b79afae5ac924f30ba0db.jpg,Sport,2021-10-5,https://russian.rt.com/sport/news/914204-kafanov-lunyov-zenit
8345752580,"Алексей Миранчук заявил, что у него отличный настрой перед матчами за сборную",https://cdni.rt.com/russian/images/2021.10/article/615b727dae5ac924e64f667f.JPG,Sport,2021-10-5,https://russian.rt.com/sport/news/914200-aleksei-miranchuk-rossiya-futbol
1762911790,Бывшая подруга Марадоны рассказала о насилии со стороны легендарного футболиста,https://cdni.rt.com/russian/images/2021.10/article/615b708bae5ac96a0a1f7cf0.jpg,Sport,2021-10-5,https://russian.rt.com/sport/news/914195-alvares-nasilie-izbienie-maradona
6532938074,"Полный комплект: российские борцы завоевали золото, серебро и бронзу на ЧМ в Осло",https://cdni.rt.com/russian/images/2021.10/article/615b4e6402e8bd10592749e3.jpg,Sport,2021-10-5,https://russian.rt.com/sport/article/914171-rossiya-borba-zoloto
466225356,Путин назвал триумфальной победу женской сборной России по шахматам на командном ЧМ,https://cdni.rt.com/russian/images/2021.10/article/615b6ba0ae5ac935f86829dc.jpeg,Sport,2021-10-5,https://russian.rt.com/sport/news/914193-putin-pozdravlenie-shahmatistki
8993305351,"Ван Гал признался, что не вызвал Промеса в сборную Нидерландов из-за его уголовного дела",https://cdni.rt.com/russian/images/2021.10/article/615b6ac302e8bd07f5771a52.jpg,Sport,2021-10-4,https://russian.rt.com/sport/news/914191-van-gal-promes-nevyzov-sbornaya-niderlandy
4478269242,"Фото с Фергюсоном, общение с Зинченко и шутка о фанатах «Ливерпуля»: чем запомнился визит Нурмагомедова в Англию",https://cdni.rt.com/russian/images/2021.10/article/615b047a02e8bd119a0b9d77.jpg,Sport,2021-10-4,https://russian.rt.com/sport/article/914046-nurmagomedov-velikobritanuya-poseschenie
1811273974,Американский боец скончался спустя полтора месяца после поражения нокаутом,https://cdni.rt.com/russian/images/2021.10/article/615b682202e8bd067466a21d.png,Sport,2021-10-4,https://russian.rt.com/sport/news/914188-tornton-smert-mesyac-nokaut-boec
1712368334,Подавший в суд на Facebook тренер «Ротора» Хохлов отреагировал на сбой в работе соцсети,https://cdni.rt.com/russian/images/2021.10/article/615b5fa302e8bd2484477369.jpg,Sport,2021-10-4,https://russian.rt.com/sport/news/914184-hohlov-reakciya-sboi-facebook
595303245,"Экс-футболист «Фиорентины»: Кокорин напоминает кого угодно, только не футболиста",https://cdni.rt.com/russian/images/2021.10/article/615b5ca6ae5ac935ab575e5d.jpeg,Sport,2021-10-4,https://russian.rt.com/sport/news/914182-orlando-fiorentina-kritika-kokorin
8646175555,"На Нурмагомедова во время конференции бросился фанат, который хотел сделать с ним фото",https://cdni.rt.com/russian/images/2021.10/article/615b5a3602e8bd661610e928.jpeg,Sport,2021-10-4,https://russian.rt.com/sport/news/914181-nurmagomedov-foto-fanat-konferenciya
7754530468,Болельщик «Ахмата» рассказал о поведении пострадавшего фаната «Спартака» в Грозном,https://cdni.rt.com/russian/images/2021.10/article/615b59b5ae5ac96a0a1f7cde.png,Sport,2021-10-4,https://russian.rt.com/sport/news/914178-bolelschik-ahmat-incident-fanat-spartak
